county_code,acres_harvested_full_owners,acres_harvested_part_owners,acres_harvested_tenants,acres_operated_full_owners,acres_operated_part_owners,acres_operated_tenants,acres_owned_part_owners,acres_rented_part_owners,hired_labor_cat_1,hired_labor_cat_2,hired_labor_cat_3,housed_off_farm,housed_on_farm,net_income_operations,net_income_producers,producers_agecat_1,producers_agecat_2,producers_agecat_3,producers_agecat_4,producers_agecat_5,producers_agecat_6,producers_agecat_7,producers_avg_age,producers_avg_career,producers_early_career,producers_late_career,producers_mid_career,rent_burdened_operations,rent_costs_dollars,total_acres_cropland,total_acres_farmland,total_contract_labor_expenses,total_farm_value,total_farm_value_per_acre,total_farms,total_full_time_farmers,total_hired_labor,total_hired_labor_expenses,total_income,total_producers,total_labor_expenses,pct_low_employment_farms,pct_mid_employment_farms,pct_high_employment_farms,avg_rent_burden,pct_cropland,pct_harvested_full_owners,pct_harvested_part_owners,pct_harvested_tenants,pct_farmland,pct_owned_part_owners,pct_rented_part_owners,pct_operated_full_owners,pct_operated_part_owners,pct_operated_tenants,avg_farm_value,avg_income_per_farm,avg_net_income_per_farm,avg_net_income_per_producer,pct_farmers_early_career,pct_farmers_mid_career,pct_farmers_late_career,pct_full_time_farmers,pct_producers_housed_on_farm,pct_producers_housed_off_farm
001,7155.0,20620.0,531.0,24423.0,33846.0,1295.0,16510.0,17336.0,154.0,106.0,584.0,179.0,575.0,8307000.0,8323000.0,20.0,42.0,35.0,140.0,241.0,159.0,117.0,59.0,24.0,108.0,591.0,55.0,63.0,357000.0,34535.0,334602.0,479000.0,264828000.0,4446.0,440.0,322.0,844.0,9991000.0,47329000.0,756.0,10470000.0,0.18246445497630331,0.12559241706161137,0.6919431279620853,5666.666666666667,0.10319838369256455,0.20718112060228752,0.5970754307224555,0.015375705805704357,0.9998663842565363,0.0493422035732004,0.05181080806450649,0.07299119550988936,0.10115301163770689,0.003870269753318868,601881.8181818182,107565.90909090909,18879.545454545456,11009.25925925926,0.14285714285714285,0.07275132275132275,0.7817460317460317,0.42592592592592593,0.7605820105820106,0.23677248677248677
003,14781.0,56649.0,568.0,64887.0,95756.0,1070.0,54823.0,40933.0,226.0,98.0,341.0,241.0,1113.0,17172000.0,15924000.0,37.0,117.0,199.0,274.0,354.0,250.0,123.0,54.5,22.4,229.0,991.0,134.0,156.0,1753000.0,88713.0,658752.0,509000.0,325590000.0,2013.0,789.0,580.0,665.0,6236000.0,69316000.0,1358.0,6745000.0,0.3398496240601504,0.14736842105263157,0.512781954887218,11237.179487179486,0.134651205466529,0.16661594129383517,0.638564810118021,0.006402669281841444,0.9998731967523015,0.08322251773049645,0.06213719275235597,0.09849989070241912,0.14535971048285243,0.001624283493636452,412661.5969581749,87852.9784537389,21764.25855513308,11726.067746686304,0.16863033873343153,0.09867452135493372,0.7297496318114874,0.4270986745213549,0.8195876288659794,0.17746686303387335
005,0.0,0.0,0.0,0.0,0.0,0.0,0.0,0.0,0.0,0.0,0.0,0.0,0.0,0.0,0.0,0.0,0.0,0.0,0.0,0.0,0.0,0.0,0.0,0.0,0.0,0.0,0.0,0.0,0.0,0.0,26913.0,0.0,0.0,0.0,0.0,0.0,0.0,0.0,0.0,0.0,0.0,0.0,0.0,0.0,0.0,0.0,0.0,0.0,0.0,0.9970510812703917,0.0,0.0,0.0,0.0,0.0,0.0,0.0,0.0,0.0,0.0,0.0,0.0,0.0,0.0,0.0
007,10085.0,16612.0,282.0,35684.0,26039.0,744.0,15779.0,10260.0,103.0,56.0,178.0,130.0,675.0,8145000.0,8114000.0,6.0,23.0,74.0,147.0,235.0,208.0,112.0,60.0,25.5,70.0,632.0,103.0,57.0,305000.0,33459.0,451706.0,133000.0,192943000.0,3089.0,494.0,335.0,337.0,4893000.0,32087000.0,807.0,5026000.0,0.3056379821958457,0.1661721068249258,0.5281899109792285,5350.877192982456,0.07408755784139011,0.3014136704623569,0.49648823933769687,0.008428225589527482,1.0002030665083523,0.03493201330068673,0.022713889122570875,0.07899828649608373,0.05764590242325761,0.0016470890357887652,390572.8744939271,64953.44129554656,16487.854251012144,10054.5229244114,0.08674101610904585,0.12763320941759604,0.7831474597273854,0.41511771995043373,0.8364312267657993,0.161090458488228
009,15721.0,50779.0,814.0,72434.0,91033.0,2773.0,55860.0,35173.0,259.0,52.0,306.0,235.0,1316.0,26706000.0,26525000.0,10.0,123.0,192.0,293.0,488.0,301.0,144.0,56.8,24.7,195.0,1158.0,198.0,193.0,1778000.0,88742.0,837350.0,400000.0,380806000.0,2291.0,956.0,668.0,617.0,9120000.0,93412000.0,1558.0,9520000.0,0.419773095623987,0.08427876823338736,0.4959481361426256,9212.435233160622,0.10599599731341271,0.17715399698000947,0.572209325911068,0.009172657817042663,1.0001549249553325,0.06671045560398878,0.04200513524810414,0.0865038514360781,0.10871559085209291,0.003311637905296471,398332.6359832636,97711.29707112971,27935.146443514644,17025.032092426187,0.1251604621309371,0.12708600770218229,0.7432605905006419,0.4287548138639281,0.8446726572528883,0.15083440308087293
011,18100.0,130684.0,7179.0,43427.0,170525.0,11252.0,106688.0,63837.0,340.0,194.0,754.0,196.0,1220.0,73985000.0,72809000.0,17.0,115.0,189.0,249.0,357.0,344.0,145.0,56.8,26.0,164.0,1091.0,161.0,250.0,5208000.0,177867.0,442613.0,1382000.0,890626000.0,3955.0,842.0,763.0,1288.0,28729000.0,287853000.0,1426.0,30111000.0,0.2639751552795031,0.15062111801242237,0.5854037267080745,20832.0,0.4018561390872819,0.10176142848308005,0.7347287580045765,0.04036161851270893,0.9999986017071132,0.241041270816718,0.1442275757829074,0.09811505762370287,0.3852688465996254,0.025421756703937752,1057750.593824228,341868.17102137767,87868.17102137767,51058.20476858345,0.1150070126227209,0.11290322580645161,0.7650771388499299,0.5350631136044881,0.8555399719495091,0.13744740532959326
013,23381.0,79889.0,1166.0,86095.0,135652.0,1887.0,84391.0,51261.0,482.0,593.0,1247.0,415.0,1718.0,64695000.0,64685000.0,26.0,202.0,250.0,398.0,659.0,406.0,192.0,56.0,24.9,253.0,1616.0,264.0,232.0,3381000.0,126949.0,678543.0,1091000.0,591424000.0,2645.0,1228.0,976.0,2322.0,18972000.0,160967000.0,2156.0,20063000.0,0.20757967269595176,0.2553832902670112,0.5370370370370371,14573.275862068966,0.18705845488146455,0.18417632277528773,0.6292999551000795,0.00918479074273921,0.9998283180697257,0.12437089469643044,0.07554569128264532,0.12688215779987413,0.19991658597907574,0.0027809586127924097,481615.6351791531,131080.61889250815,52683.22475570033,30002.319109461965,0.11734693877551021,0.12244897959183673,0.7495361781076066,0.45269016697588127,0.7968460111317254,0.1924860853432282
015,0.0,18774.0,0.0,0.0,29700.0,0.0,17854.0,11846.0,160.0,0.0,0.0,81.0,572.0,4310000.0,4291000.0,2.0,51.0,71.0,123.0,191.0,137.0,78.0,57.8,24.6,77.0,492.0,84.0,54.0,399000.0,34970.0,260706.0,79000.0,175227000.0,2619.0,398.0,256.0,258.0,2449000.0,19012000.0,677.0,2528000.0,0.0,0.0,0.0,7388.888888888889,0.13414290955087896,0.0,0.5368601658564484,0.0,1.000053227834471,0.0684832723450937,0.04543815639072365,0.0,0.11392142873581736,0.0,440268.8442211055,47768.84422110553,10829.145728643216,6338.257016248153,0.1137370753323486,0.1240768094534712,0.7267355982274741,0.37813884785819796,0.844903988183161,0.11964549483013294
017,16333.0,43678.0,5348.0,62044.0,80562.0,6376.0,48382.0,32180.0,277.0,142.0,149.0,162.0,1109.0,25039000.0,24844000.0,14.0,71.0,137.0,215.0,405.0,284.0,145.0,58.3,25.5,118.0,981.0,172.0,161.0,1299000.0,77079.0,571896.0,178000.0,306311000.0,2056.0,770.0,643.0,568.0,7124000.0,67923000.0,1280.0,7302000.0,0.4876760563380282,0.25,0.2623239436619718,8068.322981366459,0.13480041090448286,0.21189947975453755,0.5666653692964361,0.06938335992942306,1.0001662683043389,0.08459929777442052,0.05626897198091961,0.10848825660609622,0.14086826975534014,0.011148880215983325,397806.4935064935,88211.68831168831,32518.18181818182,19409.375,0.0921875,0.134375,0.76640625,0.50234375,0.86640625,0.1265625
019,14119.0,52173.0,727.0,59440.0,97657.0,4508.0,73046.0,24611.0,152.0,66.0,914.0,183.0,793.0,49402000.0,49470000.0,11.0,66.0,109.0,222.0,316.0,160.0,92.0,56.4,22.9,107.0,700.0,169.0,127.0,1084000.0,85139.0,664163.0,4567000.0,427490000.0,2645.0,588.0,455.0,1132.0,21205000.0,167789000.0,976.0,25772000.0,0.13427561837455831,0.05830388692579505,0.8074204946996466,8535.433070866142,0.12819094812006687,0.16583469385358063,0.6127978952066621,0.00853897743689731,1.0000080418641044,0.10998203754198894,0.03705566254067149,0.08949610261336449,0.14703770008266043,0.006787490420273336,727023.8095238095,285355.44217687077,84017.0068027211,50686.475409836065,0.1096311475409836,0.17315573770491804,0.7172131147540983,0.4661885245901639,0.8125,0.1875
021,8616.0,37180.0,9060.0,30657.0,57473.0,11049.0,25298.0,32175.0,303.0,284.0,654.0,255.0,701.0,19294000.0,19358000.0,15.0,82.0,120.0,168.0,267.0,207.0,97.0,56.5,21.5,164.0,645.0,147.0,120.0,1974000.0,64478.0,406186.0,1862000.0,415340000.0,4188.0,518.0,465.0,1241.0,20403000.0,88432000.0,996.0,22265000.0,0.24415793714746173,0.22884770346494762,0.5269943593875906,16450.0,0.15874136441909942,0.13362697354136294,0.5766307887961786,0.14051304320853625,1.000008062407896,0.06228181178080978,0.07921247901207822,0.07547527487407248,0.141494290792888,0.02720182379501017,801814.6718146718,170718.14671814672,37247.104247104246,19435.74297188755,0.1646586345381526,0.14759036144578314,0.6475903614457831,0.46686746987951805,0.7038152610441767,0.2560240963855422
023,0.0,37222.0,0.0,0.0,67513.0,0.0,44229.0,23284.0,130.0,98.0,292.0,97.0,833.0,16454000.0,16762000.0,13.0,91.0,112.0,174.0,263.0,202.0,75.0,55.4,23.5,137.0,664.0,129.0,141.0,1384000.0,58481.0,319215.0,194000.0,263371000.0,2320.0,536.0,407.0,520.0,8286000.0,69506000.0,933.0,8480000.0,0.25,0.18846153846153846,0.5615384615384615,9815.602836879432,0.18320328830032911,0.0,0.6364802243463689,0.0,1.0000040641368915,0.13855551900756544,0.07294143445640086,0.0,0.2114969534639663,0.0,491363.80597014923,129675.37313432836,30697.761194029852,17965.702036441588,0.14683815648445875,0.1382636655948553,0.7116827438370846,0.4362272240085745,0.8928188638799571,0.10396570203644159
025,11973.0,36846.0,5171.0,54426.0,77488.0,8311.0,42516.0,34972.0,212.0,74.0,70.0,209.0,1015.0,10635000.0,10660000.0,16.0,118.0,119.0,207.0,350.0,255.0,159.0,57.4,25.4,149.0,909.0,166.0,152.0,904000.0,67885.0,923174.0,154000.0,403909000.0,2880.0,689.0,602.0,356.0,3946000.0,45705000.0,1290.0,4100000.0,0.5955056179775281,0.20786516853932585,0.19662921348314608,5947.368421052632,0.07352771991033069,0.1763718052588937,0.5427708624880312,0.07617293953008765,0.9999098372320782,0.04605415663786025,0.03788234937292428,0.05895529986763059,0.08393650601078453,0.00900263655605552,586224.9637155298,66335.26850507983,15435.413642960813,8263.565891472868,0.11550387596899225,0.12868217054263567,0.7046511627906977,0.4666666666666667,0.7868217054263565,0.162015503875969
027,9799.0,20667.0,1905.0,46084.0,50818.0,5046.0,34142.0,16676.0,353.0,337.0,323.0,308.0,827.0,2908000.0,2919000.0,16.0,105.0,115.0,183.0,339.0,257.0,120.0,57.2,21.6,184.0,795.0,156.0,88.0,550000.0,40133.0,509204.0,783000.0,921589000.0,9040.0,620.0,523.0,1013.0,14946000.0,43906000.0,1150.0,15729000.0,0.3484698914116486,0.33267522211253703,0.3188548864758144,6250.0,0.07881847221870228,0.24416315750130815,0.5149627488600403,0.04746717165424962,1.000041893894104,0.06704974823449934,0.0327491535808831,0.09050203847573861,0.09979890181538244,0.009909584370900464,1486433.8709677418,70816.12903225806,4690.322580645161,2538.2608695652175,0.16,0.1356521739130435,0.691304347826087,0.4547826086956522,0.7191304347826087,0.2678260869565217
029,8873.0,65519.0,4950.0,37121.0,100144.0,5816.0,54460.0,45684.0,328.0,278.0,1226.0,300.0,1290.0,17587000.0,17651000.0,42.0,112.0,208.0,337.0,468.0,261.0,162.0,55.5,24.8,202.0,1180.0,208.0,225.0,3210000.0,96445.0,667331.0,1487000.0,654719000.0,4576.0,940.0,804.0,1832.0,26764000.0,130973000.0,1651.0,28251000.0,0.17903930131004367,0.1517467248908297,0.6692139737991266,14266.666666666666,0.14452037450011315,0.09200062211623206,0.6793405567940277,0.05132458914407175,0.9999784958840274,0.08160867695341592,0.06845778182041595,0.05562606862261756,0.15006645877383187,0.008715315188414745,696509.5744680851,139332.97872340426,18709.574468085106,10691.096305269533,0.12235009085402786,0.12598425196850394,0.7147183525136281,0.48697758933979407,0.7813446396123561,0.18170805572380375
031,3741.0,11622.0,3137.0,27494.0,25688.0,4440.0,14249.0,11439.0,108.0,69.0,134.0,80.0,418.0,556000.0,367000.0,16.0,40.0,81.0,99.0,134.0,81.0,47.0,54.3,20.0,79.0,322.0,97.0,59.0,284000.0,22670.0,1148233.0,213000.0,137268000.0,2382.0,285.0,190.0,311.0,3807000.0,13178000.0,506.0,4020000.0,0.34726688102893893,0.22186495176848875,0.43086816720257237,4813.559322033899,0.019743389105895286,0.16501985002205558,0.5126599029554477,0.1383767093074548,1.0000004809541005,0.012409502252591591,0.009962263756572054,0.023944617512299333,0.022371766009163647,0.0038668110043867405,481642.1052631579,46238.59649122807,1950.877192982456,725.296442687747,0.15612648221343872,0.191699604743083,0.6363636363636364,0.37549407114624506,0.8260869565217391,0.15810276679841898
033,13859.0,46848.0,775.0,54770.0,84320.0,1627.0,63613.0,20707.0,240.0,151.0,180.0,137.0,892.0,24035000.0,24260000.0,15.0,134.0,190.0,193.0,248.0,195.0,54.0,52.3,19.6,169.0,677.0,183.0,135.0,1087000.0,74842.0,1042694.0,2637000.0,349973000.0,2487.0,636.0,538.0,571.0,8284000.0,86384000.0,1034.0,10921000.0,0.4203152364273205,0.26444833625218916,0.31523642732049034,8051.851851851852,0.071774045334954,0.18517677240052377,0.6259586862991369,0.010355148178830069,0.9999514500746175,0.06100831116319841,0.019859134127558038,0.05252739538157887,0.08086744529075644,0.001560381089754041,550272.0125786164,135823.8993710692,37790.88050314465,23462.28239845261,0.16344294003868473,0.1769825918762089,0.6547388781431335,0.5203094777562862,0.8626692456479691,0.13249516441005801
035,4362.0,5059.0,165.0,11468.0,9733.0,980.0,5942.0,3791.0,40.0,30.0,0.0,77.0,265.0,4138000.0,4138000.0,9.0,8.0,34.0,82.0,101.0,78.0,30.0,57.1,21.9,39.0,246.0,57.0,29.0,142000.0,12803.0,317094.0,41000.0,61912000.0,2791.0,207.0,136.0,121.0,734000.0,10268000.0,348.0,775000.0,0.0,0.0,0.0,4896.551724137931,0.0403762001993015,0.34070139810981803,0.3951417636491447,0.012887604467702882,1.0000039698506062,0.018738922843068617,0.011955445388433714,0.03616593186878339,0.03069436823150233,0.0030905662043431916,299091.78743961354,49603.86473429952,19990.338164251207,11890.80459770115,0.11206896551724138,0.16379310344827586,0.7068965517241379,0.39080459770114945,0.7614942528735632,0.22126436781609196
037,10593.0,111997.0,11268.0,26350.0,137677.0,12916.0,88771.0,48906.0,132.0,215.0,1032.0,153.0,664.0,73717000.0,73527000.0,18.0,42.0,78.0,177.0,243.0,162.0,97.0,57.4,27.6,74.0,662.0,81.0,139.0,4989000.0,148586.0,315479.0,501000.0,591841000.0,3345.0,485.0,430.0,1379.0,28264000.0,234935000.0,835.0,28765000.0,0.09572153734590283,0.1559100797679478,0.7483683828861494,35892.08633093525,0.4709848434270273,0.0712920463569919,0.7537520358580216,0.07583487004159208,0.9999988385144976,0.2813848148371207,0.15502141188478472,0.08352378446742889,0.43640622672190543,0.040940918412953005,1220290.7216494845,484402.0618556701,151993.8144329897,88056.2874251497,0.08862275449101796,0.09700598802395209,0.792814371257485,0.5149700598802395,0.7952095808383234,0.18323353293413175
039,4100.0,6352.0,745.0,13317.0,19402.0,2260.0,12300.0,7102.0,104.0,55.0,140.0,44.0,279.0,2031000.0,2062000.0,1.0,22.0,25.0,39.0,99.0,97.0,40.0,60.0,27.5,24.0,262.0,37.0,29.0,226000.0,13719.0,414183.0,0.0,110388000.0,3156.0,206.0,164.0,299.0,5133000.0,19761000.0,326.0,0.0,0.34782608695652173,0.18394648829431437,0.4682274247491639,7793.103448275862,0.03312316486893551,0.298855601720242,0.4630075078358481,0.054304249580873244,1.000003775414412,0.029697017984803818,0.017147009896591604,0.032152454349888816,0.046844027881395425,0.0054565252557444415,535864.0776699029,95927.18446601942,9859.223300970874,6325.1533742331285,0.0736196319018405,0.11349693251533742,0.803680981595092,0.5030674846625767,0.8558282208588958,0.13496932515337423
041,0.0,0.0,0.0,802.0,0.0,130.0,0.0,0.0,4.0,0.0,0.0,12.0,15.0,3000.0,3000.0,0.0,0.0,6.0,2.0,5.0,10.0,4.0,60.8,17.2,10.0,17.0,0.0,2.0,0.0,51.0,1099122.0,0.0,3114000.0,3341.0,14.0,9.0,12.0,74000.0,0.0,27.0,0.0,0.0,0.0,0.0,0.0,4.640088150463613e-05,0.0,0.0,0.0,1.0000045035517386,0.0,0.0,0.0007296733210689987,0.0,0.00011827622411342872,222428.57142857142,0.0,214.28571428571428,111.11111111111111,0.37037037037037035,0.0,0.6296296296296297,0.3333333333333333,0.5555555555555556,0.4444444444444444
043,19301.0,33607.0,1158.0,58211.0,56689.0,2880.0,37331.0,19358.0,225.0,142.0,50.0,168.0,882.0,15643000.0,15720000.0,20.0,101.0,126.0,174.0,279.0,241.0,109.0,56.3,23.4,186.0,733.0,131.0,103.0,1208000.0,69513.0,903369.0,131000.0,269561000.0,2289.0,596.0,504.0,417.0,4681000.0,57977000.0,1063.0,4812000.0,0.539568345323741,0.3405275779376499,0.11990407673860912,11728.155339805826,0.07699961605959448,0.2776602937580021,0.48346352480830923,0.016658754477579734,1.0006626984900637,0.041324198638651534,0.02142867421839802,0.06443767718396358,0.06275287285704956,0.003188066006249938,452283.55704697984,97276.84563758389,26246.644295302012,14788.334901222954,0.17497648165569143,0.12323612417685795,0.6895578551269991,0.47412982126058323,0.8297271872060207,0.15804327375352775
045,31168.0,111538.0,1056.0,86704.0,157295.0,3457.0,85704.0,71591.0,261.0,128.0,316.0,210.0,1154.0,59867000.0,59896000.0,19.0,81.0,167.0,227.0,408.0,349.0,113.0,57.4,25.0,180.0,1030.0,154.0,184.0,3737000.0,168757.0,811962.0,114000.0,662509000.0,2677.0,792.0,709.0,705.0,14749000.0,165056000.0,1378.0,14863000.0,0.3702127659574468,0.18156028368794327,0.4482269503546099,20309.782608695652,0.20796649089435498,0.18469159797815796,0.6609385092173954,0.006257518206652169,1.0006156063426244,0.10555173764289462,0.08817038235779506,0.10678332237222925,0.1937221200006897,0.004257588409309795,836501.2626262626,208404.0404040404,75589.64646464646,43465.89259796807,0.13062409288824384,0.11175616835994194,0.7474600870827286,0.5145137880986937,0.8374455732946299,0.15239477503628446
047,11.0,0.0,12.0,11.0,0.0,12.0,0.0,0.0,0.0,0.0,0.0,57.0,4.0,2714000.0,2714000.0,0.0,10.0,23.0,3.0,17.0,5.0,3.0,48.4,11.8,10.0,16.0,35.0,7.0,303000.0,23.0,44398.0,2000.0,10203000.0,443604.0,19.0,20.0,119.0,2514000.0,6809000.0,130.0,2516000.0,0.0,0.0,0.0,43285.71428571428,0.0005180086946182843,0.4782608695652174,0.0,0.5217391304347826,0.9999369575505472,0.0,0.0,0.00024775890805892156,0.0,0.0002702824451551872,537000.0,358368.4210526316,142842.1052631579,20876.923076923078,0.07692307692307693,0.2692307692307692,0.12307692307692308,0.15384615384615385,0.03076923076923077,0.43846153846153846
049,17067.0,75694.0,2117.0,69694.0,108682.0,4081.0,69689.0,38993.0,266.0,168.0,353.0,181.0,941.0,52011000.0,51767000.0,34.0,126.0,143.0,256.0,302.0,189.0,72.0,53.2,23.2,166.0,829.0,127.0,189.0,2643000.0,104960.0,815771.0,794000.0,366584000.0,2009.0,625.0,640.0,787.0,13181000.0,153073000.0,1130.0,13975000.0,0.33799237611181704,0.21346886912325286,0.4485387547649301,13984.126984126984,0.12848067972534827,0.1626048018292683,0.7211699695121951,0.020169588414634145,0.9985786259549074,0.08542716031827559,0.047798953382750795,0.08543328948932973,0.13322611370102638,0.005002629414382223,586534.4,244916.8,83217.6,45811.50442477876,0.14690265486725665,0.11238938053097346,0.7336283185840708,0.5663716814159292,0.8327433628318585,0.16017699115044248
051,18899.0,106347.0,6321.0,46118.0,135342.0,8028.0,81659.0,53683.0,212.0,136.0,496.0,220.0,914.0,51447000.0,51810000.0,17.0,68.0,122.0,263.0,346.0,200.0,118.0,56.8,25.1,138.0,883.0,113.0,160.0,5275000.0,145878.0,404328.0,308000.0,703404000.0,3712.0,661.0,540.0,844.0,22205000.0,183695000.0,1140.0,22513000.0,0.25118483412322273,0.16113744075829384,0.5876777251184834,32968.75,0.36079346693058073,0.12955346248234825,0.7290132850738288,0.04333072841689631,1.0000061756886431,0.20196226825745434,0.13277091866009774,0.11406086147879939,0.3347331869175521,0.01985516709206387,1064151.2859304084,277904.6898638427,77832.0726172466,45447.36842105263,0.12105263157894737,0.09912280701754386,0.7745614035087719,0.47368421052631576,0.8017543859649123,0.19298245614035087
053,16798.0,67986.0,2881.0,56648.0,109022.0,6195.0,67173.0,41849.0,266.0,238.0,757.0,206.0,1066.0,34278000.0,33977000.0,58.0,117.0,151.0,264.0,390.0,202.0,90.0,53.5,22.6,179.0,919.0,174.0,195.0,2151000.0,105455.0,419114.0,300000.0,450541000.0,2621.0,691.0,695.0,1261.0,19184000.0,113630000.0,1288.0,19484000.0,0.21094369547977795,0.1887390959555908,0.6003172085646312,11030.76923076923,0.2516212302595529,0.1592906927125314,0.6446920487411693,0.027319709828836945,1.0000282613342397,0.16027381571601043,0.09985111449390859,0.1351613164914558,0.260124930209919,0.014781181253787752,652013.0246020261,164442.83646888568,49606.367583212734,26379.658385093167,0.1389751552795031,0.13509316770186336,0.7135093167701864,0.5395962732919255,0.827639751552795,0.15993788819875776
055,7095.0,59938.0,2870.0,23788.0,79236.0,3754.0,41864.0,37372.0,198.0,139.0,783.0,246.0,676.0,22449000.0,22585000.0,9.0,63.0,134.0,183.0,267.0,178.0,88.0,56.2,23.7,144.0,648.0,130.0,108.0,2731000.0,85728.0,420611.0,266000.0,459819000.0,4306.0,527.0,483.0,1120.0,14377000.0,76643000.0,932.0,14643000.0,0.1767857142857143,0.12410714285714286,0.6991071428571428,25287.037037037036,0.20389960713193048,0.08276175811870101,0.6991648002986189,0.033477976857036205,1.0004014750766193,0.09953139599297213,0.08885169432088082,0.05655581998568749,0.18838309031385295,0.008925111326142208,872521.8216318786,145432.6375711575,42597.722960151805,24232.83261802575,0.15450643776824036,0.13948497854077252,0.6952789699570815,0.5182403433476395,0.7253218884120172,0.26394849785407726
057,18788.0,51570.0,560.0,40833.0,73169.0,988.0,44866.0,28303.0,170.0,55.0,222.0,102.0,849.0,25451000.0,25173000.0,42.0,88.0,114.0,221.0,201.0,196.0,89.0,54.3,23.1,140.0,702.0,109.0,130.0,1550000.0,84494.0,257995.0,217000.0,285717000.0,2485.0,564.0,602.0,447.0,5326000.0,74959000.0,965.0,5543000.0,0.38031319910514544,0.12304250559284116,0.4966442953020134,11923.076923076924,0.3275090208933767,0.22235898406987478,0.6103391956825337,0.006627689540085686,1.0000199995903463,0.17390259501153124,0.10970367642783775,0.15827050911839377,0.283606271439369,0.003829531580069381,506590.42553191487,132906.02836879433,45125.886524822694,26086.010362694302,0.14507772020725387,0.11295336787564766,0.7274611398963731,0.6238341968911917,0.8797927461139896,0.10569948186528498
059,29.0,0.0,0.0,297.0,587.0,26.0,502.0,85.0,7.0,0.0,0.0,27.0,26.0,1080000.0,1059000.0,0.0,3.0,5.0,7.0,13.0,24.0,1.0,59.2,19.1,10.0,34.0,9.0,4.0,0.0,177.0,182164.0,0.0,15800000.0,17362.0,32.0,15.0,28.0,319000.0,2732000.0,65.0,0.0,0.0,0.0,0.0,0.0,0.0009719608242743557,0.1638418079096045,0.0,0.0,1.0003179186051625,0.0027557585472431437,0.00046661250301925736,0.0016303989811378757,0.003222371050262401,0.00014272853033530226,493750.0,85375.0,33750.0,16292.307692307691,0.15384615384615385,0.13846153846153847,0.5230769230769231,0.23076923076923078,0.4,0.4153846153846154
061,0.0,4.0,3.0,0.0,8.0,3.0,4.0,4.0,0.0,0.0,0.0,14.0,0.0,0.0,0.0,0.0,10.0,4.0,0.0,0.0,0.0,0.0,31.4,6.1,7.0,0.0,7.0,0.0,0.0,7.0,14500.0,0.0,0.0,0.0,7.0,7.0,0.0,0.0,45000.0,14.0,0.0,0.0,0.0,0.0,0.0,0.0004827241313969014,0.0,0.5714285714285714,0.42857142857142855,0.9999285578935816,0.00027586206896551725,0.00027586206896551725,0.0,0.0005517241379310345,0.00020689655172413793,0.0,6428.571428571428,0.0,0.0,0.5,0.5,0.0,0.5,0.0,1.0
063,13945.0,79690.0,364.0,34805.0,104056.0,1398.0,51080.0,52976.0,292.0,121.0,1242.0,218.0,949.0,33083000.0,33125000.0,14.0,76.0,112.0,262.0,436.0,177.0,90.0,56.1,23.3,172.0,873.0,122.0,142.0,2983000.0,116167.0,334306.0,1403000.0,430600000.0,3070.0,690.0,504.0,1655.0,18153000.0,118617000.0,1172.0,19556000.0,0.17643504531722054,0.07311178247734139,0.7504531722054381,21007.042253521126,0.34748883944575554,0.12004269715151462,0.6859951621372679,0.003133419990186542,1.0000051990647323,0.1527941466799878,0.15846559738682525,0.10411120350816318,0.31125974406681306,0.004181797514851663,624057.9710144928,171908.69565217392,47946.3768115942,28263.651877133107,0.14675767918088736,0.10409556313993173,0.7448805460750854,0.4300341296928328,0.8097269624573379,0.18600682593856654
065,17904.0,74113.0,662.0,72657.0,118427.0,1683.0,72539.0,45888.0,367.0,235.0,211.0,254.0,1413.0,29317000.0,29407000.0,50.0,113.0,236.0,398.0,418.0,322.0,130.0,54.6,23.3,217.0,1206.0,244.0,218.0,1838000.0,119220.0,775892.0,654000.0,512637000.0,2659.0,967.0,765.0,813.0,8444000.0,100455000.0,1681.0,9098000.0,0.45141451414514144,0.2890528905289053,0.25953259532595324,8431.19266055046,0.15364192058852885,0.1501761449421238,0.6216490521724543,0.005552759604093273,0.9999122382928604,0.09349110443206013,0.05914225175668779,0.093643187453924,0.15263335618874793,0.0021691163203126206,530131.3340227507,103883.14374353671,30317.476732161325,17493.753718024986,0.1290898274836407,0.1451516954193932,0.7174301011302796,0.455086258179655,0.8405710886377157,0.15110053539559787
067,10433.0,81064.0,158.0,39040.0,121218.0,459.0,76675.0,44543.0,272.0,155.0,972.0,221.0,847.0,46610000.0,47864000.0,18.0,39.0,112.0,226.0,322.0,239.0,112.0,57.9,25.4,127.0,816.0,125.0,148.0,2869000.0,113129.0,498168.0,984000.0,662553000.0,4122.0,623.0,533.0,1399.0,21261000.0,178409000.0,1090.0,22245000.0,0.19442458899213724,0.11079342387419586,0.6947819871336669,19385.135135135137,0.22708958780334756,0.0922221534708165,0.7165625082869997,0.0013966356990692042,0.9999979295920415,0.15391394067864655,0.089413611472435,0.0783671371906666,0.24332755215108157,0.0009213759213759214,1063487.9614767255,286370.78651685396,74815.40930979133,43911.92660550459,0.11651376146788991,0.11467889908256881,0.7486238532110092,0.4889908256880734,0.7770642201834862,0.20275229357798166
069,15803.0,117595.0,2917.0,40991.0,153010.0,6088.0,91138.0,61872.0,264.0,251.0,768.0,279.0,1137.0,52514000.0,52584000.0,56.0,184.0,144.0,241.0,374.0,268.0,149.0,54.4,22.6,195.0,1010.0,211.0,239.0,4591000.0,163807.0,412200.0,801000.0,805848000.0,4027.0,833.0,714.0,1283.0,30369000.0,205160000.0,1451.0,31170000.0,0.20576773187840997,0.1956352299298519,0.5985970381917382,19209.2050209205,0.3973908806826343,0.09647328868729664,0.7178875139646047,0.017807541802242883,0.9999848664427151,0.22110140708393983,0.1501018922852984,0.09944444444444445,0.37120329936923824,0.014769529354682193,967404.5618247299,246290.5162064826,63042.01680672269,36239.83459682977,0.13439007580978635,0.14541695382494832,0.6960716747070985,0.49207443142660234,0.7835975189524466,0.19228118538938663
071,8869.0,24832.0,3377.0,31348.0,41659.0,8185.0,17702.0,23957.0,356.0,412.0,1088.0,309.0,756.0,10981000.0,11041000.0,16.0,72.0,103.0,209.0,354.0,219.0,92.0,57.0,23.6,118.0,797.0,150.0,134.0,1219000.0,49127.0,519885.0,453000.0,563169000.0,6936.0,621.0,569.0,1856.0,25079000.0,87915000.0,1072.0,25532000.0,0.19181034482758622,0.22198275862068967,0.5862068965517241,9097.014925373134,0.09452450687780263,0.18053209029657827,0.5054654263439656,0.06874020396116189,1.0003027511992677,0.03404983794493013,0.046081344912817256,0.060297950508285486,0.08013118285774738,0.015743866431999383,906874.3961352657,141570.04830917873,17682.76972624799,10299.440298507463,0.11007462686567164,0.13992537313432835,0.7434701492537313,0.5307835820895522,0.7052238805970149,0.28824626865671643
073,9707.0,82841.0,482.0,25151.0,103505.0,917.0,72199.0,31306.0,157.0,151.0,1486.0,121.0,708.0,46079000.0,46097000.0,10.0,109.0,85.0,148.0,263.0,148.0,66.0,54.8,24.5,104.0,615.0,110.0,120.0,2942000.0,107659.0,250408.0,5573000.0,411121000.0,3173.0,498.0,479.0,1794.0,27016000.0,155282000.0,844.0,32589000.0,0.0875139353400223,0.08416945373467112,0.8283166109253066,24516.666666666668,0.4299365321059503,0.09016431510602922,0.7694758450292126,0.004477098988472863,1.0000050820794062,0.288325452860931,0.1250199674131817,0.10044008178652439,0.41334542027411264,0.003662023577521485,825544.1767068274,311811.2449799197,92528.1124497992,54617.29857819905,0.12322274881516587,0.13033175355450238,0.7286729857819905,0.5675355450236966,0.8388625592417062,0.14336492890995262
075,9695.0,20939.0,268.0,45916.0,39487.0,764.0,26492.0,12995.0,209.0,65.0,571.0,166.0,872.0,9196000.0,9182000.0,9.0,81.0,132.0,187.0,313.0,225.0,91.0,56.5,21.7,151.0,702.0,185.0,70.0,377000.0,40278.0,609052.0,86000.0,190675000.0,2213.0,612.0,454.0,845.0,6374000.0,41230000.0,1047.0,6460000.0,0.24733727810650888,0.07692307692307693,0.6757396449704142,5385.714285714285,0.06613553876876042,0.24070212026416407,0.5198619593822931,0.006653756393068176,1.0000492119318505,0.04349710697937122,0.02133643761123845,0.0753892935250192,0.06483354459060967,0.0012544084905722335,311560.45751633984,67369.28104575163,15026.143790849674,8769.818529130851,0.14422158548233047,0.1766953199617956,0.670487106017192,0.43361986628462273,0.8328557784145176,0.15854823304680038
077,18170.0,44524.0,3303.0,70104.0,78450.0,6080.0,46997.0,31453.0,280.0,141.0,137.0,232.0,1287.0,20720000.0,20384000.0,20.0,134.0,167.0,274.0,498.0,285.0,141.0,56.1,22.7,245.0,1076.0,198.0,159.0,1103000.0,81471.0,641105.0,270000.0,412305000.0,2666.0,880.0,690.0,558.0,3716000.0,56180000.0,1531.0,3986000.0,0.5017921146953405,0.25268817204301075,0.24551971326164876,6937.106918238994,0.12707821316450854,0.22302414356028524,0.5465012090191602,0.040542033361564235,0.9999935909812356,0.07330624468690776,0.04906060629694044,0.10934870263061433,0.1223668509838482,0.009483625927110224,468528.4090909091,63840.90909090909,23545.454545454544,13314.173742651861,0.16002612671456565,0.12932723709993468,0.7028086218158066,0.45068582625734815,0.8406270411495754,0.15153494448073154
079,0.0,1683.0,0.0,3663.0,2849.0,960.0,412.0,2437.0,43.0,47.0,127.0,31.0,119.0,-861000.0,-901000.0,0.0,2.0,30.0,12.0,37.0,54.0,15.0,61.2,25.6,12.0,119.0,19.0,16.0,181000.0,2624.0,147400.0,38000.0,44837000.0,6001.0,89.0,62.0,217.0,1075000.0,3145000.0,189.0,1113000.0,0.19815668202764977,0.21658986175115208,0.5852534562211982,11312.5,0.017806653611148183,0.0,0.6413871951219512,0.0,1.0002670511750162,0.0027951153324287654,0.01653324287652646,0.024850746268656715,0.019328358208955225,0.006512890094979647,503786.5168539326,35337.07865168539,-9674.157303370786,-4767.195767195767,0.06349206349206349,0.10052910052910052,0.6296296296296297,0.328042328042328,0.6296296296296297,0.164021164021164
081,0.0,0.0,0.0,0.0,0.0,0.0,0.0,0.0,0.0,7.0,0.0,5.0,0.0,0.0,0.0,0.0,0.0,1.0,0.0,3.0,0.0,1.0,58.2,25.8,0.0,5.0,0.0,0.0,0.0,0.0,69609.0,0.0,2717000.0,48517.0,4.0,1.0,7.0,0.0,94000.0,5.0,0.0,0.0,0.0,0.0,0.0,0.0,0.0,0.0,0.0,1.000372429302909,0.0,0.0,0.0,0.0,0.0,679250.0,23500.0,0.0,0.0,0.0,0.0,1.0,0.2,0.0,1.0
083,9871.0,28213.0,248.0,34729.0,46721.0,1316.0,25402.0,21319.0,167.0,151.0,325.0,150.0,713.0,14044000.0,14054000.0,21.0,68.0,90.0,158.0,241.0,200.0,85.0,56.7,24.4,153.0,620.0,90.0,77.0,863000.0,46753.0,417563.0,960000.0,290793000.0,3513.0,470.0,386.0,643.0,6697000.0,41010000.0,865.0,7657000.0,0.25972006220839816,0.23483670295489892,0.505443234836703,11207.792207792209,0.11196405222830076,0.21113083652385944,0.6034479070861762,0.005304472440271213,0.9999795850663263,0.060833934041090804,0.051055768830092704,0.0831706832262437,0.11188970287118351,0.003151620234551433,618708.5106382979,87255.31914893616,29880.85106382979,16247.398843930636,0.176878612716763,0.10404624277456648,0.7167630057803468,0.446242774566474,0.8242774566473988,0.17341040462427745
085,8.0,0.0,0.0,0.0,0.0,0.0,0.0,0.0,2.0,0.0,0.0,11.0,4.0,0.0,0.0,0.0,0.0,4.0,3.0,4.0,3.0,1.0,54.1,19.3,4.0,9.0,2.0,0.0,0.0,0.0,36812.0,0.0,0.0,0.0,6.0,3.0,2.0,0.0,0.0,49.0,0.0,0.0,0.0,0.0,0.0,0.0,0.0,0.0,0.0,0.9999388016110329,0.0,0.0,0.0,0.0,0.0,0.0,0.0,0.0,0.0,0.08163265306122448,0.04081632653061224,0.1836734693877551,0.061224489795918366,0.08163265306122448,0.22448979591836735
087,87.0,62.0,24.0,0.0,271.0,0.0,182.0,89.0,14.0,0.0,0.0,20.0,14.0,-201000.0,-201000.0,0.0,3.0,3.0,3.0,12.0,8.0,5.0,59.1,24.0,7.0,26.0,1.0,3.0,4000.0,310.0,111000.0,0.0,16573000.0,28772.0,14.0,22.0,79.0,1096000.0,2142000.0,37.0,0.0,0.0,0.0,0.0,1333.3333333333333,0.0027888326221435244,0.2806451612903226,0.2,0.07741935483870968,0.9985820034126813,0.0016396396396396397,0.0008018018018018018,0.0,0.0024414414414414415,0.0,1183785.7142857143,153000.0,-14357.142857142857,-5432.4324324324325,0.1891891891891892,0.02702702702702703,0.7027027027027027,0.5945945945945946,0.3783783783783784,0.5405405405405406
089,41255.0,106777.0,2391.0,148863.0,185952.0,7780.0,127042.0,58910.0,478.0,242.0,559.0,325.0,1832.0,61092000.0,61133000.0,46.0,104.0,327.0,545.0,514.0,435.0,186.0,55.4,23.6,280.0,1570.0,307.0,214.0,2441000.0,176716.0,1714728.0,433000.0,627588000.0,1832.0,1253.0,1064.0,1279.0,18261000.0,191077000.0,2173.0,18694000.0,0.3737294761532447,0.1892103205629398,0.4370602032838155,11406.542056074766,0.1030531209754149,0.23345367708639853,0.604229385001924,0.013530184024083841,0.9999551371914894,0.07408871844397479,0.034355302998493056,0.08681435189721053,0.10844402144246784,0.004537162745345034,500868.3160415004,152495.6105347167,48756.58419792498,28132.99585826047,0.12885411872986655,0.1412793373216751,0.7225034514496088,0.48964565117349285,0.8430740911182697,0.1495628163828808
091,6576.0,29208.0,37.0,28249.0,42903.0,452.0,24246.0,18657.0,271.0,150.0,556.0,165.0,836.0,14687000.0,14716000.0,5.0,44.0,117.0,210.0,278.0,260.0,87.0,58.0,23.1,130.0,784.0,87.0,85.0,980000.0,41621.0,518397.0,408000.0,421746000.0,5890.0,591.0,477.0,977.0,17238000.0,76810000.0,1009.0,17646000.0,0.2773797338792221,0.1535312180143296,0.5690890481064483,11529.411764705883,0.08029077910046867,0.15799716489272242,0.7017611301986978,0.0008889743158501718,1.0000360157936055,0.04677110399944444,0.03598979160759032,0.05449298510600949,0.08276089560703476,0.000871918626072296,713614.2131979696,129966.15905245347,24851.09983079526,14584.737363726463,0.1288404360753221,0.08622398414271557,0.7770069375619425,0.47274529236868185,0.8285431119920713,0.1635282457879088
093,3687.0,0.0,0.0,12108.0,5040.0,212.0,3223.0,1817.0,89.0,0.0,0.0,56.0,257.0,-390000.0,-389000.0,8.0,23.0,6.0,52.0,88.0,79.0,57.0,60.8,28.6,26.0,253.0,34.0,16.0,74000.0,9234.0,130931.0,0.0,74433000.0,4288.0,185.0,133.0,141.0,1758000.0,5462000.0,319.0,0.0,0.0,0.0,0.0,4625.0,0.07049531976202549,0.39928525016244315,0.0,0.0,0.9995692778602729,0.024616019124577067,0.013877538550839756,0.09247618974879898,0.038493557675416824,0.0016191734577754695,402340.54054054053,29524.324324324323,-2108.108108108108,-1219.435736677116,0.08150470219435736,0.10658307210031348,0.7931034482758621,0.4169278996865204,0.8056426332288401,0.1755485893416928
095,14381.0,35600.0,2881.0,38908.0,57198.0,3713.0,31173.0,26025.0,240.0,209.0,366.0,147.0,850.0,17346000.0,17357000.0,20.0,120.0,103.0,156.0,279.0,228.0,91.0,55.9,23.7,145.0,725.0,127.0,108.0,817000.0,61130.0,397964.0,106000.0,243022000.0,2435.0,541.0,518.0,815.0,6555000.0,47927000.0,1011.0,6661000.0,0.294478527607362,0.25644171779141106,0.449079754601227,7564.814814814815,0.1536075276558021,0.2352527400621626,0.5823654506788811,0.047129069196793716,1.00000435360729,0.07833120583771397,0.06539536239458846,0.09776763727372326,0.14372656823230243,0.009329989647304781,449208.87245841033,88589.64879852126,32062.846580406655,17168.15034619189,0.1434223541048467,0.12561819980217606,0.7171117705242335,0.5123639960435212,0.8407517309594461,0.14540059347181009
097,11493.0,27252.0,206.0,35883.0,42576.0,346.0,21839.0,20737.0,139.0,115.0,273.0,130.0,564.0,14548000.0,14607000.0,28.0,53.0,89.0,163.0,171.0,141.0,49.0,54.6,21.9,121.0,480.0,93.0,66.0,526000.0,48430.0,210133.0,432000.0,257698000.0,3270.0,408.0,324.0,527.0,7369000.0,45753000.0,698.0,7801000.0,0.2637571157495256,0.21821631878557876,0.5180265654648957,7969.69696969697,0.23046673452285202,0.23731158372909353,0.562709064629362,0.0042535618418335745,0.9999724618106641,0.10392941613168803,0.0986851184725864,0.17076327849504838,0.20261453460427445,0.0016465762160155712,631612.7450980392,112139.70588235294,35656.86274509804,20926.934097421203,0.17335243553008595,0.1332378223495702,0.6876790830945558,0.46418338108882523,0.8080229226361032,0.18624641833810887
099,14597.0,70215.0,1740.0,29355.0,86724.0,2466.0,52207.0,34517.0,298.0,103.0,359.0,110.0,802.0,37910000.0,35820000.0,29.0,127.0,160.0,160.0,212.0,160.0,64.0,52.0,20.5,131.0,615.0,166.0,158.0,2372000.0,96663.0,207174.0,1179000.0,445205000.0,3756.0,516.0,513.0,760.0,8109000.0,90843000.0,923.0,9288000.0,0.39210526315789473,0.1355263157894737,0.4723684210526316,15012.658227848102,0.46659802431918196,0.1510091762101321,0.726389621675305,0.01800068278451941,1.0000411645645408,0.2519959068222847,0.16660874434050604,0.1416924903704133,0.4186046511627907,0.011903038026007125,862800.3875968992,176052.32558139536,73468.99224806202,38808.23401950162,0.1419284940411701,0.17984832069339113,0.6663055254604551,0.5557963163596966,0.8689057421451788,0.11917659804983749
101,41229.0,161583.0,922.0,135817.0,257944.0,3396.0,167096.0,90848.0,480.0,289.0,710.0,436.0,2197.0,60392000.0,58375000.0,89.0,190.0,350.0,518.0,735.0,533.0,218.0,55.3,24.1,385.0,1915.0,333.0,389.0,3053000.0,240356.0,889951.0,766000.0,833812000.0,2099.0,1542.0,1189.0,1479.0,18450000.0,195950000.0,2648.0,19216000.0,0.32454361054766734,0.19540229885057472,0.48005409060175797,7848.329048843188,0.2700869422161367,0.17153305929537851,0.6722653064620813,0.0038359766346585896,1.0000338843723189,0.18775865188083388,0.10208202474068798,0.15261177300772738,0.28984067662152185,0.0038159404281808773,540734.11154345,127075.22697795072,39164.72114137484,22044.939577039277,0.145392749244713,0.12575528700906344,0.7231873111782477,0.4490181268882175,0.8296827794561934,0.1646525679758308
103,6941.0,11497.0,1048.0,13271.0,14378.0,2383.0,6908.0,7470.0,424.0,494.0,3747.0,509.0,512.0,34850000.0,34683000.0,21.0,84.0,102.0,236.0,293.0,216.0,69.0,55.3,23.0,141.0,761.0,119.0,138.0,2235000.0,23139.0,583378.0,7687000.0,366970000.0,12219.0,560.0,622.0,4665.0,89356000.0,225578000.0,1070.0,97043000.0,0.09088960342979635,0.10589496248660236,0.8032154340836013,16195.652173913044,0.039690392735741424,0.29996974804442716,0.4968667617442413,0.04529149920048403,1.0006699482860695,0.011841379002979201,0.012804733808954057,0.022748543825787053,0.024646112811933258,0.004084830075868477,655303.5714285715,402817.85714285716,62232.142857142855,32414.018691588786,0.13177570093457944,0.11121495327102804,0.711214953271028,0.5813084112149532,0.4785046728971963,0.47570093457943924
105,0.0,15681.0,0.0,25021.0,33562.0,1359.0,12816.0,20746.0,82.0,81.0,0.0,155.0,459.0,-8735000.0,-8815000.0,10.0,20.0,72.0,106.0,210.0,105.0,91.0,58.7,22.1,126.0,402.0,86.0,49.0,304000.0,26175.0,619608.0,85000.0,252520000.0,4213.0,366.0,280.0,437.0,9629000.0,28383000.0,622.0,9714000.0,0.0,0.0,0.0,6204.081632653061,0.04224431621480901,0.0,0.5990830945558739,0.0,0.9999968015749907,0.020684045396444202,0.03348245987785826,0.04038198344759913,0.05416650527430246,0.002193322229538676,689945.3551912569,77549.18032786885,-23866.120218579235,-14172.025723472669,0.20257234726688103,0.1382636655948553,0.6463022508038585,0.45016077170418006,0.7379421221864951,0.2491961414790997
107,13003.0,29138.0,1746.0,55856.0,52433.0,4893.0,33018.0,19415.0,166.0,256.0,183.0,93.0,818.0,11242000.0,11410000.0,28.0,54.0,91.0,209.0,232.0,198.0,99.0,57.0,24.6,116.0,654.0,141.0,101.0,662000.0,54847.0,331910.0,44000.0,258597000.0,2285.0,535.0,428.0,605.0,4408000.0,40857000.0,923.0,4452000.0,0.2743801652892562,0.4231404958677686,0.30247933884297523,6554.455445544554,0.1651971944640108,0.23707768884351013,0.5312596860356993,0.031834010975987745,0.9997010012316048,0.09947877436654515,0.058494772679340785,0.16828658371245217,0.15797354704588593,0.01474194811846585,483358.8785046729,76368.22429906542,21013.084112149532,12361.863488624052,0.1256771397616468,0.15276273022751896,0.7085590465872156,0.4637053087757313,0.886240520043337,0.10075839653304441
109,9041.0,40951.0,1130.0,27211.0,59808.0,4258.0,35062.0,24746.0,236.0,195.0,549.0,216.0,700.0,16876000.0,17487000.0,9.0,79.0,134.0,182.0,229.0,186.0,97.0,55.9,22.4,149.0,644.0,123.0,137.0,1081000.0,62086.0,303775.0,172000.0,345803000.0,3789.0,523.0,383.0,980.0,9643000.0,64702000.0,966.0,9815000.0,0.24081632653061225,0.1989795918367347,0.560204081632653,7890.510948905109,0.20438546120819392,0.14562059079341558,0.6595850916470702,0.01820056051283703,1.0000192229893874,0.11542095300798288,0.08146160809809892,0.08957616657065262,0.1968825611060818,0.014016953337173895,661191.2045889101,123713.1931166348,32267.68642447419,18102.48447204969,0.15424430641821946,0.12732919254658384,0.6666666666666666,0.39648033126293997,0.7246376811594203,0.2236024844720497
111,4879.0,11855.0,1282.0,16047.0,39852.0,3033.0,31133.0,8719.0,235.0,261.0,1019.0,155.0,636.0,9338000.0,9281000.0,12.0,75.0,83.0,128.0,247.0,165.0,81.0,56.5,23.5,115.0,555.0,121.0,76.0,566000.0,24131.0,719511.0,1465000.0,406552000.0,6899.0,421.0,424.0,1515.0,21483000.0,54346000.0,831.0,22948000.0,0.1551155115511551,0.17227722772277226,0.6726072607260726,7447.368421052632,0.033538209061335915,0.20218805685632588,0.49127678090423105,0.05312668351912478,1.0000045725386792,0.043269665091986084,0.012117952331514041,0.02230264721456656,0.055387617423500124,0.00421536293399267,965681.7102137767,129087.88598574822,22180.522565320665,11168.471720818292,0.13838748495788206,0.14560770156438027,0.6678700361010831,0.5102286401925391,0.7653429602888087,0.1865222623345367
113,379.0,280.0,0.0,9238.0,848.0,0.0,557.0,291.0,5.0,0.0,0.0,26.0,115.0,-1463000.0,-1463000.0,0.0,0.0,15.0,26.0,46.0,39.0,15.0,61.0,23.2,16.0,100.0,25.0,4.0,2000.0,882.0,555037.0,0.0,42096000.0,4174.0,80.0,58.0,91.0,1518000.0,1916000.0,142.0,0.0,0.0,0.0,0.0,500.0,0.0015891341040712161,0.42970521541950113,0.31746031746031744,0.0,1.0000320019516729,0.0010035367011568598,0.0005242893716995443,0.01664393544934842,0.0015278260728564042,0.0,526200.0,23950.0,-18287.5,-10302.81690140845,0.11267605633802817,0.176056338028169,0.704225352112676,0.4084507042253521,0.8098591549295775,0.18309859154929578
115,14626.0,71483.0,1693.0,67002.0,114558.0,3731.0,65457.0,49101.0,347.0,192.0,679.0,256.0,1448.0,25175000.0,25155000.0,25.0,103.0,171.0,399.0,559.0,315.0,132.0,56.3,22.9,240.0,1276.0,188.0,204.0,2807000.0,103030.0,531947.0,638000.0,517651000.0,2794.0,915.0,761.0,1218.0,20622000.0,135813000.0,1747.0,21260000.0,0.2848932676518883,0.15763546798029557,0.5574712643678161,13759.803921568628,0.19368020175688602,0.14195865281956713,0.6938076288459671,0.016432107153256333,0.9999767279818523,0.12305173259742042,0.09230430851193822,0.1259561572863462,0.21535604110935863,0.007013856643612992,565738.7978142076,148429.50819672132,27513.66120218579,14398.96966227819,0.13737836290784203,0.10761305094447625,0.73039496279336,0.4356038923869491,0.8288494562106469,0.14653692043503147
117,22544.0,72509.0,522.0,56938.0,100793.0,1362.0,60851.0,39942.0,281.0,206.0,3682.0,299.0,1145.0,51895000.0,51070000.0,18.0,182.0,142.0,282.0,407.0,284.0,129.0,55.2,23.6,217.0,1033.0,194.0,205.0,2619000.0,115483.0,386449.0,7096000.0,546724000.0,3437.0,829.0,778.0,4169.0,43699000.0,221295000.0,1469.0,50795000.0,0.06740225473734708,0.049412329095706406,0.8831854161669465,12775.609756097561,0.2988306595473482,0.19521488011222432,0.6278759644276647,0.004520145822328828,0.9999983508517546,0.15746191606136903,0.10335645842012789,0.14733638850145814,0.2608183744814969,0.003524397785995047,659498.1905910736,266942.09891435463,62599.51749095295,34765.14635806671,0.14771953710006808,0.13206262763784887,0.7031994554118448,0.5296119809394145,0.7794417971409122,0.20353982300884957
119,537.0,201.0,221.0,4246.0,336.0,2395.0,121.0,215.0,80.0,144.0,154.0,70.0,129.0,-2198000.0,-2197000.0,6.0,14.0,21.0,29.0,74.0,29.0,26.0,56.9,18.9,37.0,138.0,24.0,12.0,57000.0,4060.0,275530.0,490000.0,74280000.0,10646.0,115.0,103.0,378.0,4499000.0,6956000.0,208.0,4989000.0,0.21164021164021163,0.38095238095238093,0.4074074074074074,4750.0,0.01472498358459939,0.13226600985221676,0.049507389162561574,0.05443349753694581,0.9993041199666676,0.0004391536311835372,0.0007803143033426487,0.015410300148804124,0.001219467934526186,0.008692338402351832,645913.0434782609,60486.95652173913,-19113.043478260868,-10562.5,0.1778846153846154,0.11538461538461539,0.6634615384615384,0.4951923076923077,0.6201923076923077,0.33653846153846156
121,17948.0,122936.0,7904.0,52106.0,172530.0,10225.0,108709.0,63821.0,213.0,299.0,980.0,262.0,1097.0,79328000.0,81995000.0,54.0,123.0,186.0,333.0,325.0,276.0,62.0,53.0,24.1,177.0,1034.0,148.0,216.0,6497000.0,167330.0,379361.0,468000.0,813221000.0,3463.0,729.0,716.0,1492.0,38864000.0,307521000.0,1379.0,39332000.0,0.1427613941018767,0.20040214477211796,0.6568364611260054,30078.703703703704,0.4410858649836871,0.1072611008187414,0.7346919261339867,0.04723600071714576,1.0000046305269619,0.28655818600225114,0.16823289689767792,0.13735202089830004,0.4547910828999291,0.026953218701975163,1115529.4924554185,421839.5061728395,108817.55829903978,59459.75344452502,0.12835387962291517,0.10732414793328499,0.7498187092095722,0.5192168237853517,0.7955039883973894,0.1899927483683829
123,22424.0,43137.0,1957.0,45486.0,66903.0,2533.0,45207.0,21696.0,350.0,331.0,862.0,180.0,1315.0,36393000.0,36370000.0,42.0,352.0,278.0,283.0,272.0,212.0,56.0,47.8,20.5,186.0,1025.0,284.0,240.0,1511000.0,82963.0,216412.0,1217000.0,600703000.0,5227.0,867.0,909.0,1543.0,15064000.0,114657000.0,1504.0,16281000.0,0.22683084899546338,0.21451717433570966,0.5586519766688269,6295.833333333333,0.38336335020400114,0.27028916504947986,0.5199546785916613,0.023588828754987162,1.000017228696507,0.20889322218730938,0.10025322070864832,0.21018242980980723,0.3091464428959577,0.011704526551207881,692852.3644752018,132245.67474048442,41975.778546712805,24182.18085106383,0.12367021276595745,0.18882978723404256,0.6815159574468085,0.6043882978723404,0.8743351063829787,0.1196808510638298
